videoId,title,reason
-VX0eVPz-sE,Spirit Guardian Udyr (2020) Skin Spotlight - League of Legends,unmapped_title
01XS_skRgME,Waterloo Miss Fortune Skin Spotlight - Marksman Update 2015 - League of Legends,unmapped_title
0GsyXLJaFsc,Road Warrior Miss Fortune Skin Spotlight - Marksman Update 2015 - League of Legends,unmapped_title
0Ksp8-MtuwQ,Full - Bird of Prey Anivia (2013 Texture Update) League of Legends Skin Spotlight,unmapped_title
0PXxVp7xq3M,Full - Goth Annie (2013 Visual Upgrade) League of Legends Skin Spotlight,unmapped_title
0Z2Ge0kNkFo,Warring Kingdoms Katarina Skin Spotlight - Assassin Update 2016 - League of Legends,unmapped_title
0eh2Erocr7M,Scarlet Hammer Poppy Skin Spotlight (2015 Update) - League of Legends,unmapped_title
0gRa80U_L8U,Storm Dragon Lee Sin Mythic Chroma Skin Spotlight - League of Legends,unmapped_title
11EaRLRBWPM,The Magnificent Twisted Fate (2012 Visual Upgrade) League of Legends Skin Spotlight,unmapped_title
1ErrQMEXios,Sasquatch Nunu Skin Spotlight (2015 Update) - League of Legends,unmapped_title
1FILKqlyQJk,La Ilusion Renata Skin Spotlight - League of Legends,unmapped_title
2IpoZ60PXlo,Whistler Village (2014 Visual Upgrade) Twitch Skin Spotlight League of Legends,unmapped_title
2jc7jf1ikeM,Full - Galactic Nasus (Visual Upgrade 2013) League of Legends Skin Spotlight,unmapped_title
2nVTmON6oKw,Abyssal Nautilus Skin Spotlight (2015 Update) - League of Legends,unmapped_title
2oERqTdNCZs,Human Ryze (2015 Update) Skin Spotlight - League of Legends,unmapped_title
36InP2919E0,Spirit Blossom Yi Skin Spotlight - League of Legends,unmapped_title
3EM757bKYxc,Noxus Poppy Skin Spotlight (2015 Update) - League of Legends,unmapped_title
3KM1_0kaGQ8,[OUTDATED] Coven Nilah Skin Spotlight - League of Legends,unmapped_title
3REldnYeymg,Sandstorm Katarina Skin Spotlight - Assassin Update 2016 - League of Legends,unmapped_title
3tXdcJRjAIA,PAX Twisted Fate (2012 Visual Upgrade) League of Legends Skin Spotlight,unmapped_title
3vNmshLvKgU,Sewn Chaos Blitzcrank Skin Spotlight - League of Legends,unmapped_title
3zwCupA_HYo,Invictus Gaming Rakan Skin Spotlight - League of Legends,unmapped_title
4Fg7lBufSzI,Thousand Pierced Volibear (2020) Skin Spotlight - League of Legends,unmapped_title
4LQAVNmsvac,Dark Valkyrie Diana (With Headdress) League of Legends Skin Spotlight,unmapped_title
4Lb5YRJBXzM,Full - Nutcracko (Shaco) League of Legends Skin Spotlight,unmapped_title
4e5K8NI0DcE,Ironscale Shyvana Skin Spotlight (2015 Update) - League of Legends,unmapped_title
4lYyepvKQk8,Full - Emumu (Amumu) League of Legends Skin Spotlight,unmapped_title
4yVl1AzqiCo,Headhunter Rengar Skin Spotlight - Assassin Update 2016 - League of Legends,unmapped_title
529Ul6Js3Yc,Fifth Age Taric League of Legends Skin Spotlight,unmapped_title
54tfowdQehg,Assassin Master Yi (2013 Visual Upgrade / Rework) League of Legends Skin Spotlight,unmapped_title
5Go-N4m5wiA,Full - Dreadknight Nasus (Visual Upgrade 2013) League of Legends Skin Spotlight,unmapped_title
5Lar30p9cMs,Sion de l'Ouest Skin Spotlight,unmapped_title
5N075hijYO4,Ionian Master Yi (2013 Visual Upgrade / Rework) League of Legends Skin Spotlight,unmapped_title
6-cFVKLkcdo,INCOMPLETE - Super Galaxy Fizz Skin Spotlight,unmapped_title
62Gt2sTYqVI,Reindeer Kog'Maw Skin Spotlight - 2015 Marksman Update - League of Legends,unmapped_title
686-WWA7ztQ,Resistance Caitlyn Skin Spotlight - Marksman Update 2015 - League of Legends,unmapped_title
6AAGyruHRDM,Sheriff Caitlyn Skin Spotlight - Marksman Update 2015 - League of Legends,unmapped_title
6AHarmFurpA,Workshop Nunu (2018) Skin Spotlight - League of Legends,unmapped_title
6BpeNsYwM44,Pentakill Mordekaiser (2017 Texture Update) Skin Spotlight - League of Legends,unmapped_title
6MXZDEsTuJs,Elementalist Lux (Storm Form) Skin Spotlight - League of Legends,unmapped_title
6_97r-dSWB8,Rain Shepherd Ivern Skin Spotlight  #leagueoflegends,unmapped_title
74TJQAGG3qo,Elementalist Lux (Light Form) Skin Spotlight - League of Legends,unmapped_title
7Dv-4s8MN08,Battle Regalia Poppy Skin Spotlight (2015 Update) - League of Legends,unmapped_title
7NhkYHpq5hg,Urf Warwick League of Legends Skin Spotlight,unmapped_title
7ydZ4CKbUY0,Dark Valkyrie Diana (Without Headdress) League of Legends Skin Spotlight,unmapped_title
8A29ClY6krw,Debonair Galio Skin Spotlight (2015 Update) - League of Legends,unmapped_title
8KeaGKSIx2I,TPA Nunu Skin Spotlight (2015 Update) - League of Legends,unmapped_title
8UUD5mZ_f_k,Arcade Sona (2014 Rework) Skin Spotlight League of Legends,unmapped_title
8VBiAmBzUPQ,Hired Graves Skin Spotlight - 2015 Marksman Update - League of Legends,unmapped_title
8_IJzRPMgdQ,Full - Masked Shaco (New Dance) League of Legends Skin Spotlight,unmapped_title
8f17CJuFbT0,Warlord Shen Skin Spotlight (2016 Update) - League of Legends,unmapped_title
8ty2DlMdV8o,Vandal Twitch (2014 Visual Upgrade) Skin Spotlight League of Legends,unmapped_title
9BAVAX44KCE,Boneclaw Shyvana Skin Spotlight (2015 Update) - League of Legends,unmapped_title
9GgLm-Dydok,Ice Drake Shyvana Skin Spotlight (2015 Update) - League of Legends,unmapped_title
9ghKpPdcepA,Jack of Hearts Twisted Fate (2012 Visual Upgrade) League of Legends Skin Spotlight,unmapped_title
9tzcb8X-CLA,Woad Scout Quinn Skin Spotlight - 2015 Marksman Update - League of Legends,unmapped_title
9urxwIwL_ds,Northern Front Volibear (2020) Skin Spotlight - League of Legends,unmapped_title
A6CIPnf3joM,Space Groove Nunu Skin Spotlight - League of Legends,unmapped_title
AC0B24sn-P0,SKT Alistar Skin Spotlight - League of Legends,unmapped_title
AQFHP_fGiCQ,Blood Moon Shen Skin Spotlight (2016 Update) - League of Legends,unmapped_title
Af1oyl4421k,Urfrider Corki Skin Spotlight - 2015 Marksman Update - League of Legends,unmapped_title
B1HnpZ96Z9g,Judgement Kayle League of Legends Skin Spotlight,unmapped_title
BAilZF4hBTg,Scuba Gragas (2014 VFX Update) Skin Spotlight League of Legends,unmapped_title
Bdv9LkXUsaM,Full - Frankentibbers Annie (2013 Visual Upgrade) League of Legends Skin Spotlight,unmapped_title
C-kdoNxO_Vg,Twitch médiéval (mise à niveau visuelle 2014) Skin Spotlight League of Legends,unmapped_title
C5ANvfzmAJY,Molten Rammus (2013 Texture Update Skin Spotlight) League of Legends,unmapped_title
CDAr_-hBy-c,Grand Reckoning Alistar Skin Spotlight - League of Legends,unmapped_title
CDwuuLJBkeY,Battlecast Skarner (2015) Skin Spotlight - League of Legends,unmapped_title
CSEuqAogE9U,Hextech Anivia (2013 Texture Update) Skin Spotlight League of Legends,unmapped_title
CURL2wCbrMY,King Rammus (2013 Texture Update) Skin Spotlight League of Legends,unmapped_title
CYFxoO1jPWc,Elementalist Lux (Magma Form) Skin Spotlight - League of Legends,unmapped_title
CjpxMrOYg4E,Eternal Sword Master Yi Skin Spotlight - League of Legends,unmapped_title
DZ1el_4RwFI,Arcade Miss Fortune Skin Spotlight - Marksman Update 2015 - League of Legends,unmapped_title
DdOIMN9pbLI,SKT Kalista Skin Spotlight - League of Legends,unmapped_title
DhekDMmDTrc,Spectacular Sivir (Visual Upgrade 2013) Skin Spotlight League of Legends,unmapped_title
DjCDxhuXbB8,Blacksmith Poppy Skin Spotlight (2015 Update) - League of Legends,unmapped_title
ECuL1DkYNew,Dragonwing Corki Skin Spotlight - 2015 Marksman Update - League of Legends,unmapped_title
EGXyeejv4WQ,Full - Alien Invader Heimerdinger (2014 Visual Upgrade) League of Legends Skin Spotlight,unmapped_title
EM512-R28Vo,Heartseeker Yuumi (2023 Rework) Skin Spotlight - League of Legends,unmapped_title
EnQONGfee7M,Heavenscale Yi Skin Spotlight - League of Legends,unmapped_title
Eomg_QaILug,Papercraft Nunu Skin Spotlight - League of Legends,unmapped_title
FGzp6yHLmPc,Annie in Wonderland(2020) Skin Spotlight - League of Legends,unmapped_title
FLX8FboFTp8,Full - Blast Zone Heimerdinger (2014 Visual Upgrade) League of Legends Skin Spotlight,unmapped_title
FynliOcdux8,Elementalist Lux (Fire Form) Skin Spotlight - League of Legends,unmapped_title
GiziMTNVnrI,Cosmic Paladin Nunu Skin Spotlight - League of Legends,unmapped_title
Gxie5JBYcwU,M.D Kennen Skin Spotlight - League of Legends,unmapped_title
H4NrZuciyyE,Wicked LeBlanc Skin Spotlight - Assassin Update 2016 - League of Legends,unmapped_title
H8tEahP2m7I,Full - French Maid Nidalee (2012 Visual Upgrade) League of Legends Skin Spotlight,unmapped_title
HACEFpKUrtA,Huntress Sivir (Visual Upgrade 2013) Skin Spotlight League of Legends,unmapped_title
HHHDSymcFgY,Whitebeard Ryze (2016) Skin Spotlight - League of Legends,unmapped_title
HSQjMozM60o,Officer Caitlyn Skin Spotlight - Marksman Update 2015 - League of Legends,unmapped_title
HYcu2MtUgpo,Prestige 2022 Edition Nightbringer Lee Sin Skin Spotlight - League of Legends,unmapped_title
HipIxI8jy38,Elementalist Lux (Air Form) Skin Spotlight - League of Legends,unmapped_title
HpP4rY3Uxkw,Headhunter Master Yi (2013 Visual Upgrade / Rework) Skin Spotlight League of Legends,unmapped_title
I4RbvGtbxDQ,Elderwood LeBlanc Skin Spotlight - Assassin Update 2016 - League of Legends,unmapped_title
IDTOc12-ikA,SKT Renekton Skin Spotlight - League of Legends,unmapped_title
Ib8PVE96sjU,Warden Nautilus Skin Spotlight (2015 Update) - League of Legends,unmapped_title
IkJ5GU_3P3Q,Full - Lil Slugger Trundle (2013 Visual Upgrade / Rework) League of Legends Skin Spotlight,unmapped_title
IrAwExGBgAA,Elementalist Lux (Ice Form) Skin Spotlight - League of Legends,unmapped_title
JG4SFsrggyU,Invictus Gaming Irelia Skin Spotlight - League of Legends,unmapped_title
JbmD0vYvnes,Nightraven Fiora Skin Spotlight (2015) - League of Legends,unmapped_title
JwTDZFnLYFs,High Noon Twisted Fate (2012 Visual Upgrade) League of Legends Skin Spotlight,unmapped_title
KTE6fnPbiJw,Chosen Master Yi (2013 Visual Upgrade / Rework) League of Legends Skin Spotlight,unmapped_title
K_N6EkuL7bI,Admiral Renata Skin Spotlight - League of Legends,unmapped_title
KbsTWNHEp24,Battlecast Kog'Maw Skin Spotlight - 2015 Marksman Update - League of Legends,unmapped_title
Kj5AxnkF-Qc,Sonoran Kog'Maw Skin Spotlight - 2015 Marksman Update - League of Legends,unmapped_title
KlyvUW-rOS0,Nunu Bot (2018) Skin Spotlight - League of Legends,unmapped_title
Ks82mK9NBqo,Full - Piltover Customs Heimerdinger (2014 Visual Upgrade) League of Legends Skin Spotlight,unmapped_title
KzdI_2ij-4Q,Teaser - AstroNautilus Skin (Link to Full Skin Spotlight in the Description),unmapped_title
L-WglSeZlCw,Viktor de l'Ouest Skin Spotlight,unmapped_title
LdEsTQWMmR0,Sasquatch Nunu (2018) Skin Spotlight - League of Legends,unmapped_title
LgRvmuBZPQM,Guqin Sona (2014 Rework) Skin Spotlight League of Legends,unmapped_title
LpMisqVuCbc,Slay Belle Katarina Skin Spotlight - Assassin Update 2016 - League of Legends,unmapped_title
MdJrL8Wf_ig,Full - Freljord Rammus (2013 Texture Update) League of Legends Skin Spotlight,unmapped_title
MfFWFQCDOf8,Judgement Kayle (2019) Skin Spotlight - League of Legends,unmapped_title
MqNWam8g1Aw,Demolisher Nunu Skin Spotlight (2015 Update) - League of Legends,unmapped_title
NXBX8MP0vo0,Red Card Katarina Skin Spotlight - Assassin Update 2016 - League of Legends,unmapped_title
O-D8xqDi-zE,Yuubee (2023 Rework) Skin Spotlight - League of Legends,unmapped_title
O3-6BIvZOM8,Deep Sea Kog'Maw Skin Spotlight - 2015 Marksman Update - League of Legends,unmapped_title
O5vgqNso6S0,Prestigious LeBlanc Skin Spotlight - Assassin Update 2016 - League of Legends,unmapped_title
ODOQNhFQDQM,Musketeer Twisted Fate (2012 Visual Upgrade) League of Legends Skin Spotlight,unmapped_title
OfpYVro8dKM,Hextech Galio Skin Spotlight (2015 Update) - League of Legends,unmapped_title
OuFrm3YqzKs,SSW Rengar Skin Spotlight - Assassin Update 2016 - League of Legends,unmapped_title
P8HEkWfZ7to,Vandal Gragas (2014 VFX Update) Skin Spotlight League of Legends,unmapped_title
PX-PjQtc-EY,Pentakill Sona (2014 Rework) Skin Spotlight League of Legends,unmapped_title
Po-oGzlp45g,Bilgerat Rumble Skin Spotlight (2015 Update) - League of Legends,unmapped_title
PyNwyy7u7Gc,Scorched Earth Xerath (2014 Rework) Skin Spotlight League of Legends,unmapped_title
Q66N_q0d55c,Frozen Shen Skin Spotlight (2016 Update) - League of Legends,unmapped_title
QfzMukioZFw,Zombie Nunu (2018) Skin Spotlight - League of Legends,unmapped_title
QvUSSnixcWw,Full - Riot K-9 Nasus (Visual Upgrade 2013) League of Legends Skin Spotlight,unmapped_title
REWaFudFlF0,Full - Prom Queen Annie (2013 Visual Upgrade) League of Legends Skin Spotlight,unmapped_title
RGMSdXjvjCU,Riot Singed (2014 Update) League of Legends Skin Spotlight,unmapped_title
ROv7UskDitA,Full - Frostfire Annie (2013 Visual Upgrade) League of Legends Skin Spotlight,unmapped_title
RUQg-g-uHU0,Fright Night Nunu Skin Spotlight - League of Legends,unmapped_title
S1KMKxtiliY,Full - Noxus Hunter Anivia (2013 Texture Update) League of Legends Skin Spotlight,unmapped_title
SoF2zukGWbA,Grim Reaper Karthus (2014 Visual Upgrade) Skin Spotlight League of Legends,unmapped_title
TOb2-5XuRAg,Silver Judicator Kayle League of Legends Skin Spotlight,unmapped_title
TOeCHEtym-Q,SKT Elise Skin Spotlight - League of Legends,unmapped_title
TX1_6CEJ6AE,Teaser - Rageborn Mundo Skin - League of Legends (Skin Spotlight Available in Description),unmapped_title
T_k8nO7Eir8,Workshop Nunu Skin Spotlight (2015 Update) - League of Legends,unmapped_title
TklZvmLOSLo,Grungy Nunu (2018) Skin Spotlight - League of Legends,unmapped_title
Tw6lcOwO-D8,K/DA ALL OUT Seraphine Skin Spotlight - League of Legends,unmapped_title
Tx3OPx7a2E4,Bandit Sivir (Visual Upgrade 2013) Skin Spotlight League of Legends,unmapped_title
U07PTOq_UN8,Surgeon Shen Skin Spotlight (2016 Update) - League of Legends,unmapped_title
U2BB5d2m-LI,Hotrod Corki Skin Spotlight - 2015 Marksman Update - League of Legends,unmapped_title
Ue8UYgu6H0U,Mythmaker Jarvan Skin Spotlight - League of Legends,unmapped_title
UodsABy1f4w,Full - Fiddle Me Timbers (Fiddlesticks) League of Legends Skin Spotlight,unmapped_title
Up-cy8ozodc,Elementalist Lux (Water Form) Skin Spotlight - League of Legends,unmapped_title
VAZL2MDJ59M,Fnatic Corki Skin Spotlight - 2015 Marksman Update - League of Legends,unmapped_title
VH2kFarpzAI,Silver Kayle Modern Skin Spotlight - League of Legends,unmapped_title
VZMG0BUXt4o,Battle Principal Yuumi (2023 Rework) Skin Spotlight - League of Legends,unmapped_title
W1-sG3gsuns,Grungy Nunu Skin Spotlight (2015 Update) - League of Legends,unmapped_title
WyX6pWKf-ds,PROJECT: Quinn Recall Skin Spotlight #leagueoflegends,unmapped_title
X7C5NJ3uqkE,Sewn Chaos Amumu Skin Spotlight - League of Legends,unmapped_title
XW1aZWdZcK0,Darkflame Shyvana Skin Spotlight (2015 Update) - League of Legends,unmapped_title
XYweye11Dow,Oktoberfest Gragas (2014 VFX Update) Skin Spotlight League of Legends,unmapped_title
X_Eph2C3DhI,Prestige K'Sante Skin Spotlight - League of Legends,unmapped_title
Xr2RC68qqIQ,Full - Annie in Wonderland (2013 Visual Upgrade) League of Legends Skin Spotlight,unmapped_title
Y-cHApvw4wU,Nunu Bot Skin Spotlight (2015 Update) - League of Legends,unmapped_title
Y0P_Ld2rl_Q,Captain Fortune Skin Spotlight - Marksman Update 2015 - League of Legends,unmapped_title
YR9OMx6WGG4,Enduring Blade Talon Skin Spotlight - League of Legends,unmapped_title
YTzOLMa2z0g,Cowgirl Miss Fortune Skin Spotlight - Marksman Update 2015 - League of Legends,unmapped_title
YdDkDZKhnAw,Full - Reverse Annie (2013 Visual Upgrade) League of Legends Skin Spotlight,unmapped_title
ZH4_VjfvhsQ,Candy Cane Miss Fortune Skin Spotlight - Marksman Update 2015 - League of Legends,unmapped_title
ZlsRZ6wHBFs,Cutthroat Graves Skin Spotlight - 2015 Marksman Update - League of Legends,unmapped_title
ZlwV605tsHI,Bilgewater Katarina Skin Spotlight - Assassin Update 2016 - League of Legends,unmapped_title
ZrXfKZhiFWw,Northern Front (2018) Swain Skin Spotlight - League of Legends,unmapped_title
ZyQyajWCiog,Headmistress Fiora Skin Spotlight (2015) - League of Legends,unmapped_title
_19UaQAIV_4,Sherwood Forest (2015 Update) Ashe Skin Spotlight - League of Legends,unmapped_title
_WtmG6t8d6U,Prestige La Ilusion Renata Skin Spotlight - League of Legends,unmapped_title
_txubCpdvw0,Teaser - Exalted (Mythic) Cassiopeia Skin - League of Legends (Skin Spotlight Avail in Description),unmapped_title
aWBjCS26Q-A,Elementalist Lux (Mystic Form) Skin Spotlight - League of Legends,unmapped_title
amv8tF6CZnc,Nightbringer Jarvan Skin Spotlight - League of Legends,unmapped_title
b5DbVzm5sYE,Prestige Spirit Blossom Yi Skin Spotlight - League of Legends,unmapped_title
b9wzTDl3fio,Fright Night Renata Skin Spotlight - League of Legends,unmapped_title
bCnUfml49iU,Tundra Warwick (2017) Skin Spotlight - League of Legends,unmapped_title
bSDAKVdFJHw,Gatekeeper Galio Skin Spotlight (2015 Update) - League of Legends,unmapped_title
bYiY4DU0HxQ,TPA Nunu (2018) Skin Spotlight - League of Legends,unmapped_title
bk6-CSey-zI,Muse Sona (2014 Rework) Skin Spotlight League of Legends,unmapped_title
bmGmVEw5ptY,Full - Mighty Jax League of Legends Skin Spotlight,unmapped_title
btFoQTX9nQM,Elementalist Lux (Nature Form) Skin Spotlight - League of Legends,unmapped_title
byml82C4G3A,Hextech Jarvan Skin Spotlight - League of Legends,unmapped_title
cCU_2IVXmGw,Full - Ninja Rammus (2013 Texture Update) League of Legends Skin Spotlight,unmapped_title
cD8zBAEYUcQ,Hillbilly Gragas (2014 VFX Update) Skin Spotlight League of Legends,unmapped_title
cN02-GwShFM,Demolisher Nunu (2018) Skin Spotlight - League of Legends,unmapped_title
cZ4VN-knGhI,Royal Guard Fiora Skin Spotlight (2015) - League of Legends,unmapped_title
d1i5ox4_91E,Greybeard Veigar (2015 Update) Skin Spotlight - League of Legends,unmapped_title
d6viXAlPkxo,Toxic Mundo Skin Spotlight - League of Legends,unmapped_title
dKfeHUPz0Ls,Classic Wukong (2020) Skin Spotlight - League of Legends,unmapped_title
dSML-B6rHMw,Ice Toboggan Corki Skin Spotlight - 2015 Marksman Update - League of Legends,unmapped_title
derQG0On1bQ,Renegade Talon Skin Spotlight - Assassin Update 2016 - League of Legends,unmapped_title
dqre2Ga3UdQ,Pentakill Karthus (2014 Visual Upgrade) Skin Spotlight League of Legends,unmapped_title
drjkZA6Bq-g,Dragonblade Talon Skin Spotlight - Assassin Update 2016 - League of Legends,unmapped_title
duTBQH1ZBX8,Solar Eclipse Sejauni Skin Spotlight - League of Legends,unmapped_title
e75dGQgFuwU,Subterranean Nautilus Skin Spotlight (2015 Update) - League of Legends,unmapped_title
e7e2KAoR8V0,Corsair Quinn Skin Spotlight - INCOMPLETE - League of Legends,unmapped_title
eT7OYUm9jZA,Full - Jaximus (Jax) League of Legends Skin Spotlight,unmapped_title
ervWBMvNtYM,Pool Party Jarvan Skin Spotlight - League of Legends,unmapped_title
fQW-51JBAN0,Tango Twisted Fate (2012 Visual Upgrade) League of Legends Skin Spotlight,unmapped_title
fTW21IYe7r4,Dawnchaser Sejuani (2017) Skin Spotlight - League of Legends,unmapped_title
fWI-3Fb-Exs,Teaser - Pool Party Ziggs Skin (Link to Skin Spotlight in the description),unmapped_title
fiBkrbKI1AE,Urf Warwick (2017) Skin Spotlight - League of Legends,unmapped_title
fjP8cunFnhg,AstroNautilus Skin Spotlight (2015 Update) - League of Legends,unmapped_title
gI6IfzL1wW4,Full - iBlitzcrank (Blitzcrank) League of Legends Skin Spotlight,unmapped_title
gJorijFRAWs,Commando Galio Skin Spotlight (2015 Update) - League of Legends,unmapped_title
gOjKom5P3nE,PAX Sivir (Visual Upgrade 2013) Skin Spotlight League of Legends,unmapped_title
gUiipgYEI7E,Full - Pharaoh Nidalee (2012 Visual Upgrade) League of Legends Skin Spotlight,unmapped_title
gtbxEjBWXxw,UFO Corki Skin Spotlight - 2015 Marksman Update - League of Legends,unmapped_title
gvDeX1Nx7L4,Invictus Gaming Fiora Skin Spotlight - League of Legends,unmapped_title
hHy4QDLhDtU,Chrome Rammus (2013 Texture Update) Skin Spotlight League of Legends,unmapped_title
hK1e9EeAlrc,Secret Agent Miss Fortune Skin Spotlight - Marksman Update 2015 - League of Legends,unmapped_title
hPHsRn-6tl4,Invictus Gaming LeBlanc Skin Spotlight - League of Legends,unmapped_title
hh4kLZjuY7U,Mafia Miss Fortune Skin Spotlight - Marksman Update 2015 - League of Legends,unmapped_title
hpbimKSuOcY,Mafia Graves Skin Spotlight - 2015 Marksman Update - League of Legends,unmapped_title
hwDXtzBxZRk,Crystalis Motus Ashe (+ Reclaimed Chroma) Skin Spotlight - League of Legends,unmapped_title
i55uEXmnoDE,Elementalist Lux (Dark Form) Skin Spotlight - League of Legends,unmapped_title
i5sX9r4olBc,Full - Team Spirit Anivia (2013 Texture Update) League of Legends Skin Spotlight,unmapped_title
i_eBH9u-3aU,Full - Pharaoh Nasus (Visual Upgrade 2013) League of Legends Skin Spotlight,unmapped_title
ixlq0i4Cu7A,Worlds 2014 Shyvana Skin Spotlight (2015 Update) - League of Legends,unmapped_title
j8ScwMzKdXw,Pentakill Sona (2017 Texture Update) Skin Spotlight - League of Legends,unmapped_title
jKoCnGq8-_U,Breakout True Damage Ekko Skin Spotlight,unmapped_title
jMjDE0k5AT0,Phantom Karthus (2014 Visual Upgrade) Skin Spotlight League of Legends,unmapped_title
jRSVvpRRUiY,Pug'Maw (Pug Kog'Maw) Skin Spotlight - League of Legends,unmapped_title
jUW25Ei04to,Safari Caitlyn Skin Spotlight - Marksman Update 2015 - League of Legends,unmapped_title
jfH4HAOgxVw,Riot Graves Skin Spotlight - 2015 Marksman Update - League of Legends,unmapped_title
js0UbeIlllM,Teaser - Nemesis Jax (Link to Final Skin Spotlight in Description),unmapped_title
jyJScjwl7ms,Phoenix Quinn Skin Spotlight - 2015 Marksman Update - League of Legends,unmapped_title
k2zR347q09E,Crimson Elite Talon Skin Spotlight - Assassin Update 2016 - League of Legends,unmapped_title
kfQSeIcGYWA,Winter Wonderland Neeko Skin Spotlight - League of Legends,unmapped_title
kg5TMZ_ZhlA,SSW Talon Skin Spotlight - Assassin Update 2016 - League of Legends,unmapped_title
lGhGqqFQy-Y,Headhunter Caitlyn Skin Spotlight - Marksman Update 2015 - League of Legends,unmapped_title
lLMEadLeLhc,Full - Lollipoppy (Poppy) League of Legends Skin Spotlight,unmapped_title
lQAxUMei1Nk,Lion Dance Kog'Maw Skin Spotlight - 2015 Marksman Update - League of Legends,unmapped_title
lWNL1QZ7d3s,Arctic Warfare Caitlyn Skin Spotlight - Marksman Update 2015 - League of Legends,unmapped_title
lwMdzDfwZdQ,Full - Warrior Princess Sivir (Visual Upgrade 2013) Skin Spotlight League of Legends,unmapped_title
m7O87zJILas,Bewitching Yuumi (2023 Rework) Skin Spotlight - League of Legends,unmapped_title
mCJ5e0vGcn0,Kitty Cat Katarina Skin Spotlight - Assassin Update 2016 - League of Legends,unmapped_title
mLktF4x0Oxw,Full - Traditional Trundle (2013 Visual Upgrade / Rework) League of Legends Skin Spotlight,unmapped_title
mPS4LTkznBw,SKT Ryze Skin Spotlight - League of Legends,unmapped_title
mjPtvTrxqtM,Teaser - Dark Valkyrie Diana Skin (Skin Spotlight Avail in Description),unmapped_title
mkl6GG9_JtI,Corsair Quinn Skin Spotlight - 2015 Marksman Update - League of Legends,unmapped_title
n72V18Yz780,Slayer Jinx Skin Spotlight - League of Legends,unmapped_title
n8vIsUjC4jQ,Ragdoll Poppy Skin Spotlight (2015 Update) - League of Legends,unmapped_title
nOz39311heE,Pool Party Graves Skin Spotlight - 2015 Marksman Update - League of Legends,unmapped_title
nR6HZCu1_Jg,SKT Azir Skin Spotlight - League of Legends,unmapped_title
nUZYDosjIlQ,Rumble in the Jungle Skin Spotlight (2015 Update) - League of Legends,unmapped_title
naYxL8gMpdY,Battlecast Xerath (2014 Rework) Skin Spotlight League of Legends,unmapped_title
nb1FdtcZ_Ts,Toxic Mundo League of Legends Skin Spotlight,unmapped_title
nfpP26pPfqc,Full - Snowmerdinger (Heimerdinger 2014 Visual Upgrade) League of Legends Skin Spotlight,unmapped_title
o4eFwvIXiLU,Full - Bewitching Nidalee (2012 Visual Upgrade) League of Legends Skin Spotlight,unmapped_title
oCmSTAT5kiI,Jailbreak Graves Skin Spotlight - 2015 Marksman Update - League of Legends,unmapped_title
oDse3Sqcqxg,Monarch Kog'Maw Skin Spotlight - 2015 Marksman Update - League of Legends,unmapped_title
oEJwVG_wgdU,Statue of Karthus (2014 Visual Upgrade) Skin Spotlight League of Legends,unmapped_title
oYSouGt1AB8,Full - Junkyard Trundle (2013 Visual Upgrade / Rework) League of Legends Skin Spotlight,unmapped_title
oiTy946Lt1o,PROJECT Katarina Skin Spotlight - Assassin Update 2016 - League of Legends,unmapped_title
p2T188_cOC0,Inkshadow Yi Skin Spotlight - League of Legends,unmapped_title
p3orS5PLGsc,Jurassic Kog'Maw Skin Spotlight - 2015 Marksman Update - League of Legends,unmapped_title
pvHvfYEJvSs,Crystalis Motus Taliyah (+ Reclaimed Chroma) Skin Spotlight - League of Legends,unmapped_title
q-ofoSxkspU,Mercenary Katarina Skin Spotlight - Assassin Update 2016 - League of Legends,unmapped_title
r3e7jQdSSBM,Samurai Master Yi (2013 Visual Upgrade / Rework) League of Legends Skin Spotlight,unmapped_title
rD6enK0BVkM,Runeborn Xerath (2014 Rework) Skin Spotlight League of Legends,unmapped_title
rZMXSul2DOU,Full - Silent Night Sona (2014 Rework) League of Legends Skin Spotlight,unmapped_title
rpVow6hYOWs,Invictus Gaming Camille Skin Spotlight - League of Legends,unmapped_title
s6H5vctkAAo,Full - Red Riding Annie (2013 Visual Upgrade) League of Legends Skin Spotlight,unmapped_title
sGzJw1PQYHs,Street Demons Mundo Skin Spotlight - League of Legends,unmapped_title
sTZ4OBg7qY0,TPA Shen Skin Spotlight (2016 Update) - League of Legends,unmapped_title
sbak644IAB4,Northern Strike Volibear (2014 Update) Skin Spotlight - League of Legends,unmapped_title
sgZGoKmNsKM,EDG Yuumi (2023 Rework) Skin Spotlight - League of Legends,unmapped_title
t8JuCSHoNkU,Lollipoppy Skin Spotlight (2015 Update) - League of Legends,unmapped_title
tHvJZzhFXHU,Invictus Gaming Kai'Sa Skin Spotlight - League of Legends,unmapped_title
u0KeMXU-TKU,Enchanted Galio Skin Spotlight (2015 Update) - League of Legends,unmapped_title
u3P8nNRpQ8I,Caterpillar Kog'Maw Skin Spotlight - 2015 Marksman Update - League of Legends,unmapped_title
u43gjjZ85Zo,Gangster Twitch (2014 Visual Upgrade) Skin Spotlight League of Legends,unmapped_title
u8KQQf0W0UY,Giant Enemy Crabgot (Urgot) League of Legends Skin Spotlight,unmapped_title
uEjKftMh0bk,Night Hunter Rengar Skin Spotlight - Assassin Update 2016 - League of Legends,unmapped_title
uLHG-yok1xI,Dark Star Jarvan Skin Spotlight - League of Legends,unmapped_title
v0LYqckgx28,Full - Leopard Nidalee (2012 Visual Upgrade) League of Legends Skin Spotlight,unmapped_title
vUxL1TU90xI,Santa Gragas (2014 VFX Update) Skin Spotlight League of Legends,unmapped_title
viKvLnbU9pA,Super Galaxy Rumble Skin Spotlight (2015) - League of Legends,unmapped_title
vu35Oy0ip2U,Teaser - Tyrant Swain (Skin Spotlight Avail in Description),unmapped_title
vwMGPCSBoHA,Renektoy (Toy Renekton) Skin Spotlight - League of Legends,unmapped_title
w65KTaLZ3Ec,(ANCIEN) Riot K-9 Nasus League of Legends Skin Spotlight,unmapped_title
wGL9SdEXxJc,Red Baron Corki Skin Spotlight - 2015 Marksman Update - League of Legends,unmapped_title
wIcyOL2cM14,Gragas Esquire (2014 VFX Update) Skin Spotlight League of Legends,unmapped_title
wWRJZhReOYM,High Command Katarina Skin Spotlight - Assassin Update 2016 - League of Legends,unmapped_title
wX2C52-NxoY,Star Guardian Morgana Skin Spotlight - League of Legends,unmapped_title
x9wDprD6tMU,Pentakill Olaf (2017 Texture Update) Skin Spotlight - League of Legends,unmapped_title
xCRXZGJypwU,Lunar Beast Jarvan Skin Spotlight - League of Legends,unmapped_title
y0zXjDefbm8,Masque of the Black Rose Renata Skin Spotlight - League of Legends,unmapped_title
yCVjMv8BJrY,ASU 2022 Prestige K/DA Ahri Skin Spotlight - League of Legends,unmapped_title
zc6-pUPYX-4,Prestige Visions of the Fallen Jarvan Skin Spotlight - League of Legends,unmapped_title
zwuNyACCbtM,Yellow Jacket Shen Skin Spotlight (2016 Update) - League of Legends,unmapped_title
