timeParis,elapsedSeconds,requestMs,status,gameTime,champion,level,kills,deaths,assists,creepScore
2026-10-03T09:22:10.474+02:00,0.001307333,1,unavailable,,,,,,,
2026-10-03T09:22:11.477+02:00,1.004194583,0,unavailable,,,,,,,
2026-10-03T09:22:12.487+02:00,2.013589833,7,http_error,,,,,,,
2026-10-03T09:22:13.488+02:00,3.014828667,0,http_error,,,,,,,
2026-10-03T09:22:14.490+02:00,4.016763833,0,http_error,,,,,,,
2026-10-03T09:22:15.497+02:00,5.024047417,4,ready,0.011015916243195534,Mel,1,0,0,0,0
2026-10-03T09:22:16.508+02:00,6.034877542,6,ready,0.9848891496658324,Mel,1,0,0,0,0
2026-10-03T09:22:17.516+02:00,7.042832292,3,ready,1.9932861328125,Mel,1,0,0,0,0
2026-10-03T09:22:18.523+02:00,8.049890958,3,ready,3.000633955001831,Mel,1,0,0,0,0
2026-10-03T09:22:19.532+02:00,9.058759542,6,ready,4.00904655456543,Mel,1,0,0,0,0
2026-10-03T09:22:20.539+02:00,10.066410042,4,ready,5.016906261444092,Mel,1,0,0,0,0
2026-10-03T09:22:21.545+02:00,11.072215542,3,ready,6.022600173950195,Mel,1,0,0,0,0
2026-10-03T09:22:22.558+02:00,12.08451725,9,ready,7.034893035888672,Mel,1,0,0,0,0
2026-10-03T09:22:23.563+02:00,13.090167917,3,ready,8.041033744812012,Mel,1,0,0,0,0
2026-10-03T09:22:24.572+02:00,14.098532542,5,ready,9.04820442199707,Mel,1,0,0,0,0
2026-10-03T09:22:25.579+02:00,15.106281792,3,ready,10.056357383728027,Mel,1,0,0,0,0
2026-10-03T09:22:26.592+02:00,16.119181292,8,ready,11.069201469421388,Mel,1,0,0,0,0
2026-10-03T09:22:27.603+02:00,17.13032375,7,ready,12.079813957214355,Mel,1,0,0,0,0
2026-10-03T09:22:28.613+02:00,18.140326833,6,ready,13.090124130249023,Mel,1,0,0,0,0
2026-10-03T09:22:29.620+02:00,19.146709875,3,ready,14.096418380737305,Mel,1,0,0,0,0
2026-10-03T09:22:30.627+02:00,20.1542215,3,ready,15.10403823852539,Mel,1,0,0,0,0
2026-10-03T09:22:32.438+02:00,21.964669458,806,ready,16.915058135986328,Mel,1,0,0,0,0
2026-10-03T09:22:33.442+02:00,22.968739042,1,ready,17.919279098510746,Mel,1,0,0,0,0
2026-10-03T09:22:34.450+02:00,23.976892083,5,ready,18.92745018005371,Mel,1,0,0,0,0
2026-10-03T09:22:35.458+02:00,24.984872583,5,ready,19.93547821044922,Mel,1,0,0,0,0
2026-10-03T09:22:36.466+02:00,25.993423083,6,ready,20.944046020507816,Mel,1,0,0,0,0
2026-10-03T09:22:37.475+02:00,27.002374958,5,ready,21.95297622680664,Mel,1,0,0,0,0
2026-10-03T09:22:38.483+02:00,28.009937667,5,ready,22.960521697998047,Mel,1,0,0,0,0
2026-10-03T09:22:39.493+02:00,29.020077125,7,ready,23.96939468383789,Mel,1,0,0,0,0
2026-10-03T09:22:40.499+02:00,30.026463,2,ready,24.977190017700195,Mel,1,0,0,0,0
2026-10-03T09:22:41.509+02:00,31.035661417,7,ready,25.98590660095215,Mel,1,0,0,0,0
2026-10-03T09:22:42.516+02:00,32.043363417,5,ready,26.99397087097168,Mel,1,0,0,0,0
2026-10-03T09:22:43.525+02:00,33.051809708,5,ready,28.00213050842285,Mel,1,0,0,0,0
2026-10-03T09:22:44.534+02:00,34.060785792,7,ready,29.011272430419925,Mel,1,0,0,0,0
2026-10-03T09:22:45.542+02:00,35.0688805,5,ready,30.019376754760746,Mel,1,0,0,0,0
2026-10-03T09:22:46.551+02:00,36.077983708,6,ready,31.027915954589844,Mel,1,0,0,0,0
2026-10-03T09:22:47.560+02:00,37.086836833,5,ready,32.03738021850586,Mel,1,0,0,0,0
2026-10-03T09:22:48.567+02:00,38.094121958,4,ready,33.043968200683594,Mel,1,0,0,0,0
2026-10-03T09:22:49.575+02:00,39.101868083,4,ready,34.05231475830078,Mel,1,0,0,0,0
2026-10-03T09:22:50.583+02:00,40.110500583,6,ready,35.06096649169922,Mel,1,0,0,0,0
2026-10-03T09:22:51.592+02:00,41.118687917,6,ready,36.06920623779297,Mel,1,0,0,0,0
2026-10-03T09:22:52.599+02:00,42.126476792,5,ready,37.076934814453125,Mel,1,0,0,0,0
2026-10-03T09:22:53.608+02:00,43.134566792,5,ready,38.084259033203125,Mel,1,0,0,0,0
2026-10-03T09:22:54.614+02:00,44.141408958,3,ready,39.09140777587891,Mel,1,0,0,0,0
2026-10-03T09:22:55.622+02:00,45.149245083,4,ready,40.09834289550781,Mel,1,0,0,0,0
2026-10-03T09:22:56.635+02:00,46.1619745,6,ready,41.11176681518555,Mel,1,0,0,0,0
2026-10-03T09:22:57.643+02:00,47.169573208,3,ready,42.119327545166016,Mel,1,0,0,0,0
2026-10-03T09:22:58.651+02:00,48.178333167,5,ready,43.128082275390625,Mel,1,0,0,0,0
2026-10-03T09:22:59.663+02:00,49.190205833,9,ready,44.13967514038086,Mel,1,0,0,0,0
2026-10-03T09:23:00.670+02:00,50.196991,2,ready,45.14697647094727,Mel,1,0,0,0,0
2026-10-03T09:23:01.677+02:00,51.204001167,4,ready,46.1536865234375,Mel,1,0,0,0,0
2026-10-03T09:23:02.691+02:00,52.217944708,8,ready,47.16777038574219,Mel,1,0,0,0,0
2026-10-03T09:23:03.702+02:00,53.229167375,8,ready,48.178836822509766,Mel,1,0,0,0,0
2026-10-03T09:23:04.711+02:00,54.237839917,5,ready,49.1883544921875,Mel,1,0,0,0,0
2026-10-03T09:23:05.720+02:00,55.2468525,6,ready,50.19694900512695,Mel,1,0,0,0,0
2026-10-03T09:23:06.728+02:00,56.255535542,6,ready,51.205379486083984,Mel,1,0,0,0,0
2026-10-03T09:23:07.740+02:00,57.266670667,8,ready,52.21643829345703,Mel,1,0,0,0,0
2026-10-03T09:23:08.747+02:00,58.273770583,4,ready,53.22356414794922,Mel,1,0,0,0,0
2026-10-03T09:23:09.756+02:00,59.282739083,5,ready,54.23297119140625,Mel,1,0,0,0,0
2026-10-03T09:23:10.768+02:00,60.294587292,8,ready,55.244285583496094,Mel,1,0,0,0,0
2026-10-03T09:23:11.775+02:00,61.301649792,3,ready,56.251277923583984,Mel,1,0,0,0,0
2026-10-03T09:23:12.783+02:00,62.310298917,5,ready,57.26023864746094,Mel,1,0,0,0,0
2026-10-03T09:23:13.788+02:00,63.315448875,2,ready,58.26542282104492,Mel,1,0,0,0,0
2026-10-03T09:23:14.795+02:00,64.3224065,3,ready,59.27225875854492,Mel,1,0,0,0,0
2026-10-03T09:23:15.803+02:00,65.329642042,3,ready,60.27920913696289,Mel,1,0,0,0,0
2026-10-03T09:23:16.812+02:00,66.338691917,4,ready,61.28857803344727,Mel,1,0,0,0,0
2026-10-03T09:23:17.818+02:00,67.345074375,3,ready,62.2943229675293,Mel,1,0,0,0,0
2026-10-03T09:23:18.824+02:00,68.350585833,3,ready,63.30014419555664,Mel,1,0,0,0,0
2026-10-03T09:23:19.837+02:00,69.363881792,10,ready,64.31358337402344,Mel,1,0,0,0,0
2026-10-03T09:23:20.844+02:00,70.371346583,4,ready,65.32097625732422,Mel,1,0,0,0,0
2026-10-03T09:23:21.851+02:00,71.378442875,4,ready,66.32823944091797,Mel,1,0,0,0,0
2026-10-03T09:23:22.860+02:00,72.386965458,6,ready,67.3365478515625,Mel,1,0,0,0,0
2026-10-03T09:23:23.866+02:00,73.393396833,3,ready,68.34304809570312,Mel,1,0,0,0,0
2026-10-03T09:23:24.874+02:00,74.400601042,2,ready,69.35047149658203,Mel,1,0,0,0,0
2026-10-03T09:23:25.881+02:00,75.408357458,5,ready,70.35823059082031,Mel,1,0,0,0,0
2026-10-03T09:23:26.887+02:00,76.413648875,2,ready,71.36309814453125,Mel,1,0,0,0,0
2026-10-03T09:23:27.893+02:00,77.42040125,3,ready,72.37018585205078,Mel,1,0,0,0,0
2026-10-03T09:23:28.902+02:00,78.429380083,5,ready,73.37898254394531,Mel,1,0,0,0,0
2026-10-03T09:23:29.908+02:00,79.434826333,2,ready,74.38406372070312,Mel,1,0,0,0,0
2026-10-03T09:23:30.914+02:00,80.4414835,3,ready,75.39080047607422,Mel,1,0,0,0,0
2026-10-03T09:23:31.922+02:00,81.449008708,4,ready,76.39912414550781,Mel,1,0,0,0,0
2026-10-03T09:23:32.929+02:00,82.456393375,5,ready,77.4054946899414,Mel,1,0,0,0,0
2026-10-03T09:23:33.935+02:00,83.46205975,3,ready,78.4117202758789,Mel,1,0,0,0,0
2026-10-03T09:23:34.944+02:00,84.471095167,6,ready,79.42046356201172,Mel,1,0,0,0,0
2026-10-03T09:23:35.951+02:00,85.478506,3,ready,80.42784881591797,Mel,1,0,0,0,0
2026-10-03T09:23:36.960+02:00,86.486825708,5,ready,81.43657684326172,Mel,1,0,0,0,0
2026-10-03T09:23:37.970+02:00,87.497014833,7,ready,82.44666290283203,Mel,1,0,0,0,0
2026-10-03T09:23:38.977+02:00,88.504479208,4,ready,83.45379638671875,Mel,1,0,0,0,0
2026-10-03T09:23:39.986+02:00,89.512634125,5,ready,84.46208953857422,Mel,1,0,0,0,0
2026-10-03T09:23:40.991+02:00,90.51781025,2,ready,85.46748352050781,Mel,1,0,0,0,0
2026-10-03T09:23:41.998+02:00,91.525438208,6,ready,86.474609375,Mel,2,0,0,0,0
2026-10-03T09:23:43.005+02:00,92.532476833,4,ready,87.4817123413086,Mel,2,0,0,0,0
2026-10-03T09:23:44.015+02:00,93.541802125,5,ready,88.49189758300781,Mel,2,0,0,0,0
2026-10-03T09:23:45.022+02:00,94.548666208,4,ready,89.49877166748047,Mel,2,0,0,0,0
2026-10-03T09:23:46.029+02:00,95.555992667,4,ready,90.50570678710938,Mel,2,0,0,0,0
2026-10-03T09:23:47.035+02:00,96.562566583,3,ready,91.51227569580078,Mel,2,0,0,0,0
2026-10-03T09:23:48.043+02:00,97.57000925,4,ready,92.51972198486328,Mel,2,0,0,0,0
2026-10-03T09:23:49.052+02:00,98.578675042,5,ready,93.52825164794922,Mel,2,0,0,0,0
2026-10-03T09:23:50.057+02:00,99.583876083,2,ready,94.53352355957033,Mel,2,0,0,0,0
2026-10-03T09:23:51.062+02:00,100.588876292,2,ready,95.53892517089844,Mel,2,0,0,0,0
2026-10-03T09:23:52.070+02:00,101.596979125,5,ready,96.54664611816406,Mel,2,0,0,0,0
2026-10-03T09:23:53.076+02:00,102.603268375,3,ready,97.55256652832033,Mel,2,0,0,0,0
2026-10-03T09:23:54.083+02:00,103.610016208,3,ready,98.5595474243164,Mel,2,0,0,0,0
2026-10-03T09:23:55.087+02:00,104.614188667,2,ready,99.56422424316406,Mel,2,0,0,0,0
2026-10-03T09:23:56.095+02:00,105.622226,5,ready,100.57207489013672,Mel,2,0,0,0,0
2026-10-03T09:23:57.104+02:00,106.6311915,7,ready,101.58113861083984,Mel,2,0,0,0,0
2026-10-03T09:23:58.131+02:00,107.658509917,24,ready,102.58942413330078,Mel,2,0,0,0,0
2026-10-03T09:23:59.141+02:00,108.667808667,3,ready,103.61766815185548,Mel,2,0,0,0,0
2026-10-03T09:24:00.144+02:00,109.6712175,1,ready,104.62122344970705,Mel,2,0,0,0,0
2026-10-03T09:24:01.150+02:00,110.677604583,3,ready,105.62722778320312,Mel,2,0,0,0,0
2026-10-03T09:24:02.154+02:00,111.680845083,1,ready,106.63076782226564,Mel,2,0,0,0,0
2026-10-03T09:24:03.159+02:00,112.6859375,3,ready,107.6358642578125,Mel,2,0,0,0,0
2026-10-03T09:24:04.163+02:00,113.689916375,1,ready,108.6395034790039,Mel,2,0,0,0,0
2026-10-03T09:24:05.170+02:00,114.697438125,5,ready,109.6473617553711,Mel,2,0,0,0,0
2026-10-03T09:24:06.178+02:00,115.705556125,5,ready,110.65505981445312,Mel,2,0,0,0,0
2026-10-03T09:24:07.186+02:00,116.713412125,5,ready,111.66321563720705,Mel,2,0,0,0,0
2026-10-03T09:24:08.190+02:00,117.717394042,2,ready,112.66722106933594,Mel,2,0,0,0,0
2026-10-03T09:24:09.195+02:00,118.722000958,2,ready,113.6718978881836,Mel,2,0,0,0,0
2026-10-03T09:24:10.202+02:00,119.72900025,4,ready,114.6788101196289,Mel,2,0,0,0,0
2026-10-03T09:24:11.208+02:00,120.735103625,3,ready,115.68478393554688,Mel,2,0,0,0,0
2026-10-03T09:24:12.212+02:00,121.738986875,1,ready,116.68873596191406,Mel,2,0,0,0,0
2026-10-03T09:24:13.221+02:00,122.7483175,7,ready,117.69783782958984,Mel,2,0,0,0,10
2026-10-03T09:24:14.226+02:00,123.753498917,2,ready,118.70323944091795,Mel,2,0,0,0,10
2026-10-03T09:24:15.236+02:00,124.76272975,7,ready,119.71167755126952,Mel,2,0,0,0,10
2026-10-03T09:24:16.242+02:00,125.76955925,3,ready,120.71833801269533,Mel,2,0,0,0,10
2026-10-03T09:24:17.250+02:00,126.776721417,3,ready,121.72605895996094,Mel,3,0,0,0,10
2026-10-03T09:24:18.256+02:00,127.783592333,4,ready,122.73248291015624,Mel,3,0,0,0,10
2026-10-03T09:24:19.265+02:00,128.792417667,5,ready,123.74128723144533,Mel,3,0,0,0,10
2026-10-03T09:24:20.272+02:00,129.79884,4,ready,124.7476577758789,Mel,3,0,0,0,10
2026-10-03T09:24:21.280+02:00,130.807113875,6,ready,125.755859375,Mel,3,0,0,0,10
2026-10-03T09:24:22.292+02:00,131.81897625,8,ready,126.76746368408205,Mel,3,0,0,0,10
2026-10-03T09:24:23.301+02:00,132.827831125,6,ready,127.77676391601564,Mel,3,0,0,0,10
2026-10-03T09:24:24.309+02:00,133.836334083,5,ready,128.7854156494141,Mel,3,0,0,0,10
2026-10-03T09:24:25.319+02:00,134.845760583,2,ready,129.79498291015625,Mel,3,0,0,0,10
2026-10-03T09:24:26.323+02:00,135.850015333,1,ready,130.79962158203125,Mel,3,0,0,0,10
2026-10-03T09:24:27.331+02:00,136.858433833,6,ready,131.80796813964844,Mel,3,0,0,0,10
2026-10-03T09:24:28.337+02:00,137.864571875,4,ready,132.81419372558597,Mel,3,0,0,0,10
2026-10-03T09:24:29.341+02:00,138.867785625,1,ready,133.8173828125,Mel,3,0,0,0,10
2026-10-03T09:24:30.348+02:00,139.874828583,5,ready,134.8230438232422,Mel,3,0,0,0,10
2026-10-03T09:24:31.359+02:00,140.886393875,7,ready,135.83596801757812,Mel,3,0,0,0,10
2026-10-03T09:24:32.367+02:00,141.894500208,6,ready,136.84378051757812,Mel,3,0,0,0,10
2026-10-03T09:24:33.375+02:00,142.902524458,5,ready,137.85203552246097,Mel,3,0,0,0,10
2026-10-03T09:24:34.385+02:00,143.911947667,7,ready,138.861083984375,Mel,3,0,0,0,10
2026-10-03T09:24:35.393+02:00,144.919728042,5,ready,139.8692169189453,Mel,3,0,0,0,10
2026-10-03T09:24:36.401+02:00,145.928087,6,ready,140.87759399414065,Mel,3,0,0,0,10
2026-10-03T09:24:37.409+02:00,146.936157792,5,ready,141.8856964111328,Mel,3,0,0,0,10
2026-10-03T09:24:38.417+02:00,147.944094333,5,ready,142.89353942871097,Mel,3,0,0,0,10
2026-10-03T09:24:39.426+02:00,148.952976458,6,ready,143.90237426757812,Mel,3,0,0,0,10
2026-10-03T09:24:40.434+02:00,149.961338458,5,ready,144.9106597900391,Mel,3,0,0,0,10
2026-10-03T09:24:41.446+02:00,150.9730335,9,ready,145.9194793701172,Mel,3,0,0,0,10
2026-10-03T09:24:42.451+02:00,151.978187833,2,ready,146.92771911621097,Mel,3,0,0,0,10
2026-10-03T09:24:43.459+02:00,152.986031042,5,ready,147.9354705810547,Mel,3,0,0,0,10
2026-10-03T09:24:44.468+02:00,153.995095958,7,ready,148.9443817138672,Mel,3,0,0,0,10
2026-10-03T09:24:45.476+02:00,155.002722042,5,ready,149.9521026611328,Mel,3,0,0,0,10
2026-10-03T09:24:46.484+02:00,156.011256917,6,ready,150.96067810058597,Mel,3,0,0,0,10
2026-10-03T09:24:47.492+02:00,157.019113833,5,ready,151.9684600830078,Mel,3,0,0,0,10
2026-10-03T09:24:48.502+02:00,158.028771458,7,ready,152.97787475585938,Mel,3,0,0,0,10
2026-10-03T09:24:49.509+02:00,159.03626625,4,ready,153.9856414794922,Mel,3,0,0,0,10
2026-10-03T09:24:50.518+02:00,160.045009208,6,ready,154.99371337890625,Mel,3,0,0,0,10
2026-10-03T09:24:51.526+02:00,161.053409042,5,ready,156.0022430419922,Mel,3,0,0,0,10
2026-10-03T09:24:52.534+02:00,162.061475958,4,ready,157.01048278808597,Mel,3,0,0,0,10
2026-10-03T09:24:53.543+02:00,163.070042625,5,ready,158.01947021484375,Mel,3,0,0,0,10
2026-10-03T09:24:54.552+02:00,164.079061292,6,ready,159.0276336669922,Mel,3,0,0,0,10
2026-10-03T09:24:55.560+02:00,165.086770333,4,ready,160.0354461669922,Mel,3,0,0,0,10
2026-10-03T09:24:56.567+02:00,166.093999167,4,ready,161.0434112548828,Mel,3,0,0,0,10
2026-10-03T09:24:57.576+02:00,167.103325208,6,ready,162.05209350585938,Mel,3,0,0,0,10
2026-10-03T09:24:58.585+02:00,168.111738167,5,ready,163.06024169921875,Mel,3,0,0,0,10
2026-10-03T09:24:59.594+02:00,169.120792458,6,ready,164.06944274902344,Mel,3,0,0,0,10
2026-10-03T09:25:00.602+02:00,170.129502583,6,ready,165.07777404785156,Mel,3,0,0,0,10
2026-10-03T09:25:01.610+02:00,171.136984042,4,ready,166.08583068847656,Mel,3,0,0,0,10
2026-10-03T09:25:02.618+02:00,172.144715375,4,ready,167.09393310546875,Mel,3,0,0,0,10
2026-10-03T09:25:03.627+02:00,173.153723167,6,ready,168.1024169921875,Mel,3,0,0,0,10
2026-10-03T09:25:04.636+02:00,174.16295325,6,ready,169.11050415039065,Mel,3,0,0,0,10
2026-10-03T09:25:05.642+02:00,175.169371375,3,ready,170.1185760498047,Mel,3,0,0,0,10
2026-10-03T09:25:06.653+02:00,176.180167958,9,ready,171.12713623046875,Mel,3,0,0,0,10
2026-10-03T09:25:07.660+02:00,177.187638917,4,ready,172.13682556152344,Mel,3,0,0,0,10
2026-10-03T09:25:08.666+02:00,178.193161125,2,ready,173.14195251464844,Mel,3,0,0,0,10
2026-10-03T09:25:09.673+02:00,179.200628875,4,ready,174.1494598388672,Mel,3,0,0,0,10
2026-10-03T09:25:10.679+02:00,180.206074208,2,ready,175.15512084960938,Mel,3,0,0,0,10
2026-10-03T09:25:11.686+02:00,181.212758792,3,ready,176.16183471679688,Mel,3,0,0,0,10
2026-10-03T09:25:12.692+02:00,182.219673125,3,ready,177.16831970214844,Mel,3,0,0,0,10
2026-10-03T09:25:13.698+02:00,183.224824708,3,ready,178.17352294921875,Mel,4,0,0,0,10
2026-10-03T09:25:14.708+02:00,184.235333917,6,ready,179.1829376220703,Mel,4,0,0,0,10
2026-10-03T09:25:15.714+02:00,185.241217208,3,ready,180.19033813476565,Mel,4,0,0,0,10
2026-10-03T09:25:16.718+02:00,186.245210333,2,ready,181.1942901611328,Mel,4,0,0,0,10
2026-10-03T09:25:17.725+02:00,187.251790583,3,ready,182.2004852294922,Mel,4,0,0,0,10
2026-10-03T09:25:18.731+02:00,188.258059167,3,ready,183.2066650390625,Mel,4,0,0,0,10
2026-10-03T09:25:19.738+02:00,189.264948417,3,ready,184.21400451660156,Mel,4,0,0,0,10
2026-10-03T09:25:20.742+02:00,190.269297083,1,ready,185.21823120117188,Mel,4,0,0,0,10
2026-10-03T09:25:21.746+02:00,191.272914917,1,ready,186.221923828125,Mel,4,0,0,0,10
2026-10-03T09:25:22.750+02:00,192.277631417,2,ready,187.226318359375,Mel,4,0,0,0,10
2026-10-03T09:25:23.754+02:00,193.281485542,1,ready,188.23046875,Mel,4,0,0,0,10
2026-10-03T09:25:24.759+02:00,194.286539292,1,ready,189.2356414794922,Mel,4,0,0,0,10
2026-10-03T09:25:25.767+02:00,195.294552875,5,ready,190.24322509765625,Mel,4,0,0,0,10
2026-10-03T09:25:26.774+02:00,196.301402458,4,ready,191.2500152587891,Mel,4,0,0,0,10
2026-10-03T09:25:27.779+02:00,197.306554,2,ready,192.2555694580078,Mel,4,0,0,0,20
2026-10-03T09:25:28.788+02:00,198.315153583,5,ready,193.263671875,Mel,4,0,0,0,20
2026-10-03T09:25:29.794+02:00,199.321143167,3,ready,194.27001953125,Mel,4,0,0,0,20
2026-10-03T09:25:30.799+02:00,200.32620125,3,ready,195.2751617431641,Mel,4,0,0,0,20
2026-10-03T09:25:31.806+02:00,201.333574125,4,ready,196.282470703125,Mel,4,0,0,0,20
2026-10-03T09:25:32.809+02:00,202.336336833,1,ready,197.28530883789065,Mel,4,0,0,0,20
2026-10-03T09:25:33.815+02:00,203.342693458,4,ready,198.29156494140625,Mel,4,0,0,0,20
2026-10-03T09:25:34.821+02:00,204.347902292,2,ready,199.29666137695312,Mel,4,0,0,0,20
2026-10-03T09:25:35.828+02:00,205.355405125,4,ready,200.3038787841797,Mel,4,0,0,0,20
2026-10-03T09:25:36.836+02:00,206.363194042,4,ready,201.31163024902344,Mel,4,0,0,0,20
2026-10-03T09:25:37.843+02:00,207.3700275,4,ready,202.31875610351565,Mel,4,0,0,0,20
2026-10-03T09:25:38.846+02:00,208.373668167,1,ready,203.32247924804688,Mel,4,0,0,0,20
2026-10-03T09:25:39.853+02:00,209.379822333,3,ready,204.32781982421875,Mel,4,0,0,0,20
2026-10-03T09:25:40.857+02:00,210.384171667,1,ready,205.33299255371097,Mel,4,0,0,0,20
2026-10-03T09:25:41.863+02:00,211.390674708,4,ready,206.3393707275391,Mel,4,0,0,0,20
2026-10-03T09:25:42.869+02:00,212.396036958,2,ready,207.3447265625,Mel,4,0,0,0,20
2026-10-03T09:25:43.873+02:00,213.400394292,1,ready,208.34915161132812,Mel,4,0,0,0,20
2026-10-03T09:25:44.878+02:00,214.404903125,2,ready,209.35362243652344,Mel,4,0,0,0,20
2026-10-03T09:25:45.883+02:00,215.410358542,3,ready,210.3590850830078,Mel,4,0,0,0,20
2026-10-03T09:25:46.892+02:00,216.419759875,7,ready,211.36839294433597,Mel,4,0,0,0,20
2026-10-03T09:25:47.901+02:00,217.427801542,6,ready,212.3763885498047,Mel,4,0,0,0,20
2026-10-03T09:25:48.909+02:00,218.436686667,4,ready,213.3850555419922,Mel,4,0,0,0,20
2026-10-03T09:25:49.917+02:00,219.444343458,4,ready,214.3929443359375,Mel,4,0,0,0,20
2026-10-03T09:25:50.925+02:00,220.452580125,5,ready,215.40122985839844,Mel,4,0,0,0,20
2026-10-03T09:25:51.934+02:00,221.461314042,5,ready,216.4099273681641,Mel,4,0,0,0,20
2026-10-03T09:25:52.942+02:00,222.46971175,5,ready,217.41827392578128,Mel,4,0,0,0,20
2026-10-03T09:25:53.950+02:00,223.47766725,5,ready,218.42605590820312,Mel,4,0,0,0,20
2026-10-03T09:25:54.957+02:00,224.484536667,5,ready,219.4330291748047,Mel,5,0,0,0,20
2026-10-03T09:25:55.966+02:00,225.493137542,6,ready,220.44171142578128,Mel,5,0,0,0,20
2026-10-03T09:25:56.974+02:00,226.501329708,5,ready,221.4498748779297,Mel,5,0,0,0,20
2026-10-03T09:25:57.983+02:00,227.510488792,6,ready,222.45848083496097,Mel,5,0,0,0,20
2026-10-03T09:25:58.990+02:00,228.517688125,4,ready,223.4663238525391,Mel,5,0,0,0,20
2026-10-03T09:26:00.000+02:00,229.527289292,7,ready,224.47537231445312,Mel,5,0,0,0,20
2026-10-03T09:26:01.008+02:00,230.535780125,5,ready,225.48336791992188,Mel,5,0,0,0,20
2026-10-03T09:26:02.017+02:00,231.5440935,6,ready,226.4914093017578,Mel,5,0,0,0,20
2026-10-03T09:26:03.025+02:00,232.552291667,4,ready,227.50033569335935,Mel,5,0,0,0,20
2026-10-03T09:26:04.032+02:00,233.559618167,4,ready,228.508056640625,Mel,5,0,0,0,20
2026-10-03T09:26:05.041+02:00,234.5681765,7,ready,229.51657104492188,Mel,5,0,0,0,20
2026-10-03T09:26:06.046+02:00,235.573396958,2,ready,230.52186584472656,Mel,5,0,0,0,20
2026-10-03T09:26:07.051+02:00,236.57809325,2,ready,231.52664184570312,Mel,5,0,0,0,20
2026-10-03T09:26:08.055+02:00,237.582318667,1,ready,232.53076171875,Mel,5,0,0,0,20
2026-10-03T09:26:09.058+02:00,238.585768833,0,unavailable,,,,,,,
2026-10-03T09:26:10.061+02:00,239.588367,0,unavailable,,,,,,,
2026-10-03T09:26:11.064+02:00,240.59118899999999,0,unavailable,,,,,,,
2026-10-03T09:26:12.067+02:00,241.594140542,0,unavailable,,,,,,,
2026-10-03T09:26:13.068+02:00,242.595727083,0,unavailable,,,,,,,
2026-10-03T09:26:14.071+02:00,243.598687375,0,unavailable,,,,,,,
2026-10-03T09:26:15.074+02:00,244.601067667,0,unavailable,,,,,,,
2026-10-03T09:26:16.076+02:00,245.603770625,0,unavailable,,,,,,,
2026-10-03T09:26:17.079+02:00,246.606537667,0,unavailable,,,,,,,
2026-10-03T09:26:18.082+02:00,247.609021542,0,unavailable,,,,,,,
2026-10-03T09:26:19.085+02:00,248.611969125,0,unavailable,,,,,,,
2026-10-03T09:26:20.087+02:00,249.614621083,0,unavailable,,,,,,,
2026-10-03T09:26:21.091+02:00,250.618766625,1,unavailable,,,,,,,
2026-10-03T09:26:22.095+02:00,251.621953,0,unavailable,,,,,,,
2026-10-03T09:26:23.098+02:00,252.625247125,0,unavailable,,,,,,,
2026-10-03T09:26:24.101+02:00,253.62790025,0,unavailable,,,,,,,
2026-10-03T09:26:25.104+02:00,254.631517667,0,unavailable,,,,,,,
2026-10-03T09:26:26.107+02:00,255.634255833,0,unavailable,,,,,,,
2026-10-03T09:26:27.110+02:00,256.637008875,0,unavailable,,,,,,,
2026-10-03T09:26:28.112+02:00,257.639782833,0,unavailable,,,,,,,
2026-10-03T09:26:29.115+02:00,258.641967917,0,unavailable,,,,,,,
2026-10-03T09:26:30.117+02:00,259.644376208,0,unavailable,,,,,,,
2026-10-03T09:26:31.119+02:00,260.646421542,0,unavailable,,,,,,,
2026-10-03T09:26:32.121+02:00,261.64810425,0,unavailable,,,,,,,
2026-10-03T09:26:33.123+02:00,262.650394042,0,unavailable,,,,,,,
2026-10-03T09:26:34.126+02:00,263.653230708,0,unavailable,,,,,,,
2026-10-03T09:26:35.128+02:00,264.655765458,0,unavailable,,,,,,,
2026-10-03T09:26:36.130+02:00,265.657535833,0,unavailable,,,,,,,
2026-10-03T09:26:37.132+02:00,266.659820542,0,unavailable,,,,,,,
2026-10-03T09:26:38.135+02:00,267.662266917,0,unavailable,,,,,,,
2026-10-03T09:26:39.175+02:00,268.702080667,36,http_error,,,,,,,
2026-10-03T09:26:40.180+02:00,269.707086333,0,http_error,,,,,,,
2026-10-03T09:26:41.187+02:00,270.714113625,3,invalid_local_projection,,,,,,,
2026-10-03T09:26:42.191+02:00,271.71791025,2,ready,0.8348179459571838,Yone,1,0,0,0,0
2026-10-03T09:26:43.195+02:00,272.72221425,1,ready,1.8391592502593996,Yone,1,0,0,0,0
2026-10-03T09:26:44.202+02:00,273.729124792,4,ready,2.8459057807922363,Yone,1,0,0,0,0
2026-10-03T09:26:45.208+02:00,274.73575925,4,ready,3.852094650268555,Yone,1,0,0,0,0
2026-10-03T09:26:46.214+02:00,275.741578458,3,ready,4.858335971832275,Yone,1,0,0,0,0
2026-10-03T09:26:47.220+02:00,276.747497417,4,ready,5.863870620727539,Yone,1,0,0,0,0
2026-10-03T09:26:48.228+02:00,277.755575,5,ready,6.872371196746826,Yone,1,0,0,0,0
2026-10-03T09:26:49.235+02:00,278.761923667,3,ready,7.878786563873291,Yone,1,0,0,0,0
2026-10-03T09:26:50.241+02:00,279.768426292,3,ready,8.88520622253418,Yone,1,0,0,0,0
2026-10-03T09:26:51.247+02:00,280.774174917,3,ready,9.890993118286133,Yone,1,0,0,0,0
2026-10-03T09:26:52.255+02:00,281.782281292,5,ready,10.898757934570312,Yone,1,0,0,0,0
2026-10-03T09:26:53.263+02:00,282.790461583,5,ready,11.906908988952637,Yone,1,0,0,0,0
2026-10-03T09:26:54.270+02:00,283.79699625,3,ready,12.913729667663576,Yone,1,0,0,0,0
2026-10-03T09:26:55.274+02:00,284.801580125,2,ready,13.917880058288576,Yone,1,0,0,0,0
2026-10-03T09:26:56.279+02:00,285.80639075,1,ready,14.923267364501953,Yone,1,0,0,0,0
2026-10-03T09:26:57.288+02:00,286.814995917,6,ready,15.931206703186035,Yone,1,0,0,0,0
2026-10-03T09:26:58.292+02:00,287.819293792,2,ready,16.936159133911133,Yone,1,0,0,0,0
2026-10-03T09:26:59.297+02:00,288.824630625,3,ready,17.941381454467777,Yone,1,0,0,0,0
2026-10-03T09:27:00.303+02:00,289.830139042,3,ready,18.946691513061523,Yone,1,0,0,0,0
2026-10-03T09:27:01.308+02:00,290.835477792,2,ready,19.95219612121582,Yone,1,0,0,0,0
2026-10-03T09:27:02.330+02:00,291.857600542,18,ready,20.974136352539062,Yone,1,0,0,0,0
2026-10-03T09:27:03.334+02:00,292.861376,2,ready,21.9779109954834,Yone,1,0,0,0,0
2026-10-03T09:27:04.342+02:00,293.869292667,5,ready,22.98604965209961,Yone,1,0,0,0,0
2026-10-03T09:27:05.351+02:00,294.878182958,6,ready,23.994487762451172,Yone,1,0,0,0,0
2026-10-03T09:27:06.358+02:00,295.885796792,5,ready,25.00251960754395,Yone,1,0,0,0,0
2026-10-03T09:27:07.368+02:00,296.895182833,6,ready,26.01148223876953,Yone,1,0,0,0,0
2026-10-03T09:27:08.375+02:00,297.902555542,4,ready,27.019289016723633,Yone,1,0,0,0,0
2026-10-03T09:27:09.384+02:00,298.911030542,6,ready,28.02777862548828,Yone,1,0,0,0,0
2026-10-03T09:27:10.392+02:00,299.918980958,5,ready,29.035734176635746,Yone,1,0,0,0,0
2026-10-03T09:27:11.400+02:00,300.927522458,5,ready,30.04426765441895,Yone,1,0,0,0,0
2026-10-03T09:27:12.409+02:00,301.936367375,6,ready,31.05314826965332,Yone,1,0,0,0,0
2026-10-03T09:27:13.414+02:00,302.940961333,1,ready,32.05774688720703,Yone,1,0,0,0,0
2026-10-03T09:27:14.423+02:00,303.950065667,7,ready,33.06663131713867,Yone,1,0,0,0,0
2026-10-03T09:27:15.428+02:00,304.954976917,2,ready,34.07176208496094,Yone,1,0,0,0,0
2026-10-03T09:27:16.431+02:00,305.95812575,1,ready,35.07493591308594,Yone,1,0,0,0,0
2026-10-03T09:27:17.443+02:00,306.970200125,9,ready,36.08161544799805,Yone,1,0,0,0,0
2026-10-03T09:27:18.451+02:00,307.978225875,5,ready,37.0946044921875,Yone,1,0,0,0,0
2026-10-03T09:27:19.457+02:00,308.984459292,3,ready,38.10100555419922,Yone,1,0,0,0,0
2026-10-03T09:27:20.462+02:00,309.98955525,3,ready,39.106178283691406,Yone,1,0,0,0,0
2026-10-03T09:27:21.468+02:00,310.995678,4,ready,40.11220169067383,Yone,1,0,0,0,0
2026-10-03T09:27:22.475+02:00,312.002834,4,ready,41.11943435668945,Yone,1,0,0,0,0
2026-10-03T09:27:23.488+02:00,313.014932542,9,ready,42.130985260009766,Yone,1,0,0,0,0
2026-10-03T09:27:24.493+02:00,314.020716292,2,ready,43.13731002807617,Yone,1,0,0,0,0
2026-10-03T09:27:25.500+02:00,315.027182792,4,ready,44.14395141601563,Yone,1,0,0,0,0
2026-10-03T09:27:26.508+02:00,316.034946583,5,ready,45.15084457397461,Yone,1,0,0,0,0
2026-10-03T09:27:27.514+02:00,317.041383958,2,ready,46.157840728759766,Yone,1,0,1,0,0
2026-10-03T09:27:28.517+02:00,318.044792667,1,ready,47.161617279052734,Yone,1,0,1,0,0
2026-10-03T09:27:29.522+02:00,319.049084625,1,ready,48.16535949707031,Yone,1,0,1,0,0
2026-10-03T09:27:30.527+02:00,320.053960667,3,ready,49.17055130004883,Yone,1,0,1,0,0
2026-10-03T09:27:31.539+02:00,321.066155333,10,ready,50.182254791259766,Yone,1,0,1,0,0
2026-10-03T09:27:32.547+02:00,322.074652042,5,ready,51.19096755981445,Yone,1,0,1,0,0
2026-10-03T09:27:33.554+02:00,323.081570708,4,ready,52.19825744628906,Yone,1,0,1,0,0
2026-10-03T09:27:34.563+02:00,324.090913917,6,ready,53.20746994018555,Yone,1,0,1,0,0
2026-10-03T09:27:35.574+02:00,325.101329542,7,ready,54.2178955078125,Yone,1,0,1,0,0
2026-10-03T09:27:36.583+02:00,326.109961208,6,ready,55.22653579711914,Yone,1,0,1,0,0
2026-10-03T09:27:37.591+02:00,327.118253,5,ready,56.234405517578125,Yone,1,0,1,0,0
2026-10-03T09:27:38.597+02:00,328.124262583,3,ready,57.24048233032227,Yone,1,0,1,0,0
2026-10-03T09:27:39.604+02:00,329.131785958,4,ready,58.2484130859375,Yone,1,0,1,0,0
2026-10-03T09:27:40.612+02:00,330.139907125,5,ready,59.25645065307617,Yone,1,0,1,0,0
2026-10-03T09:27:41.619+02:00,331.146235292,4,ready,60.26285171508789,Yone,1,0,1,0,0
2026-10-03T09:27:42.626+02:00,332.15367825,4,ready,61.26979064941406,Yone,1,0,1,0,0
2026-10-03T09:27:43.634+02:00,333.161243708,4,ready,62.27777862548828,Yone,1,0,1,0,0
2026-10-03T09:27:44.639+02:00,334.16667675,2,ready,63.28297424316406,Yone,1,0,1,0,0
2026-10-03T09:27:45.644+02:00,335.171662375,3,ready,64.28812408447266,Yone,1,0,1,0,0
2026-10-03T09:27:46.649+02:00,336.176860792,2,ready,65.29330444335938,Yone,1,0,1,0,0
2026-10-03T09:27:47.662+02:00,337.189382542,8,ready,66.30414581298828,Yone,1,0,1,0,0
2026-10-03T09:27:48.681+02:00,338.20849775,13,ready,67.32134246826172,Yone,1,0,1,0,0
2026-10-03T09:27:49.698+02:00,339.225472208,6,ready,68.33828735351562,Yone,1,0,1,0,0
2026-10-03T09:27:50.712+02:00,340.23921,10,ready,69.35443115234375,Yone,1,0,1,0,0
2026-10-03T09:27:51.719+02:00,341.246460208,6,ready,70.36276245117188,Yone,1,0,1,0,0
